Contact Reasons,Troubleshooting Steps/Resolution,Reason,Comment,Self help to resolve,Point of contact







































































































































































































































































































































































































































































































































































































































































































































































































































































































































































































































