Contact Reasons,Troubleshooting Steps/Resolution,Reason,Comment,Self help to resolve,Point of contact,"Same for SE , Sofware support and routing",,,,,,,,,,,,,,,,,,,







































































































































































































































































































































































































































































































































































































































































































































































































































































































































































































































